<?xml version="1.0" encoding="UTF-8"?>
<project-private xmlns="http://www.netbeans.org/ns/project-private/1">
    <editor-bookmarks xmlns="http://www.netbeans.org/ns/editor-bookmarks/2" lastBookmarkId="0"/>
    <open-files xmlns="http://www.netbeans.org/ns/projectui-open-files/2">
        <group>
            <file>file:/D:/Raven/youtube/ui%20design/login/project/part%201/login-001/src/com/raven/component/PanelCover.java</file>
            <file>file:/D:/Raven/youtube/ui%20design/login/project/part%201/login-001/src/com/raven/main/Main.java</file>
            <file>file:/D:/Raven/youtube/ui%20design/login/project/part%201/login-001/src/com/raven/component/PanelLoginAndRegister.java</file>
        </group>
    </open-files>
</project-private>
