<?xml version="1.0" encoding="UTF-8"?>
<project-private xmlns="http://www.netbeans.org/ns/project-private/1">
    <editor-bookmarks xmlns="http://www.netbeans.org/ns/editor-bookmarks/2" lastBookmarkId="0"/>
    <open-files xmlns="http://www.netbeans.org/ns/projectui-open-files/2">
        <group>
            <file>file:/C:/Users/Rahul%20Biswas/Desktop/X/MMSFULLww/Excel_Project_First_Sem/part%203w/ui-dashboard-001/src/com/raven/main/Main.java</file>
            <file>file:/C:/Users/Rahul%20Biswas/Desktop/X/MMSFULLww/Excel_Project_First_Sem/part%203w/ui-dashboard-001/src/com/raven/form/Form_1.java</file>
            <file>file:/C:/Users/Rahul%20Biswas/Desktop/X/MMSFULLww/Excel_Project_First_Sem/part%203w/ui-dashboard-001/src/com/raven/main/mainGui.java</file>
        </group>
    </open-files>
</project-private>
