-- Production Company
INSERT INTO Production_Company (Name, Address)
VALUES 
    ('Warner Bros.', '4000 Warner Blvd, Burbank, CA 91522'),
    ('Universal Pictures', '100 Universal City Plaza, Universal City, CA 91608'),
    ('Paramount Pictures', '5555 Melrose Ave, Los Angeles, CA 90038'),
    ('20th Century Studios', '10201 W Pico Blvd, Los Angeles, CA 90064'),
    ('Sony Pictures', '10202 W Washington Blvd, Culver City, CA 90232'),
    ('Lionsgate', '2700 Colorado Ave, Santa Monica, CA 90404'),
    ('A24', '31 West 27th Street, 11th Floor, New York, NY 10001'),
    ('Netflix Studios', '5808 W Sunset Blvd, Los Angeles, CA 90028'),
    ('Disney', '500 S Buena Vista St, Burbank, CA 91521'),
    ('MGM', '245 N Beverly Dr, Beverly Hills, CA 90210'),
    ('Miramax', '2450 Broadway, Santa Monica, CA 90404');

-- Movie
INSERT INTO Movie (Title, Year, Length, Plot_outline, Production_Company_Name)
VALUES
    ('Inception', 2010, 148, 'A thief who enters the dreams of others to steal secrets from their subconscious.', 'Warner Bros.'),
    ('The Dark Knight', 2008, 152, 'Batman sets out to dismantle the remaining criminal organizations that plague Gotham.', 'Warner Bros.'),
    ('Matrix', 1999, 136, 'A computer programmer discovers a dystopian world ruled by machines.', 'Warner Bros.'),
    ('Jurassic Park', 1993, 127, 'A pragmatic paleontologist visiting an almost complete theme park is tasked with protecting a couple of kids after a power failure causes the park\'s cloned dinosaurs to run loose.', 'Universal Pictures'),
    ('E.T. the Extra-Terrestrial', 1982, 115, 'A troubled child summons the courage to help a friendly alien escape Earth and return to his home world.', 'Universal Pictures'),
    ('Back to the Future', 1985, 116, 'A teenager is accidentally sent 30 years into the past in a time-traveling DeLorean.', 'Universal Pictures'),
    ('Forrest Gump', 1994, 142, 'The presidencies of Kennedy and Johnson, the Vietnam War, the Watergate scandal and other historical events unfold from the perspective of an Alabama man with an IQ of 75, whose only desire is to be reunited with his childhood sweetheart.', 'Paramount Pictures'),
    ('Titanic', 1997, 194, 'A seventeen-year-old aristocrat falls in love with a kind but poor artist aboard the luxurious, ill-fated R.M.S. Titanic.', 'Paramount Pictures'),
    ('The Godfather', 1972, 175, 'The aging patriarch of an organized crime dynasty transfers control of his clandestine empire to his reluctant son.', 'Paramount Pictures'),
    ('Avatar', 2009, 162, 'A paraplegic Marine dispatched to the moon Pandora on a unique mission becomes torn between following his orders and protecting the world he feels is his home.', '20th Century Studios'),
    ('The Revenant', 2015, 156, 'A frontiersman on a fur trading expedition in the 1820s fights for survival after being mauled by a bear and left for dead by members of his own hunting team.', '20th Century Studios'),
    ('Spider-Man: Into the Spider-Verse', 2018, 117, 'Teen Miles Morales becomes the Spider-Man of his universe, and must join with five spider-powered individuals from other dimensions to stop a threat for all realities.', 'Sony Pictures'),
    ('The Social Network', 2010, 120, 'As Harvard student Mark Zuckerberg creates the social networking site that would become known as Facebook, he is sued by the twins who claimed he stole their idea, and by the co-founder who was later squeezed out of the business.', 'Sony Pictures'),
    ('La La Land', 2016, 128, 'While navigating their careers in Los Angeles, a pianist and an actress fall in love while attempting to reconcile their aspirations for the future.', 'Lionsgate'),
    ('The Hunger Games', 2012, 142, 'Katniss Everdeen voluntarily takes her younger sister\'s place in the Hunger Games: a televised competition in which two teenagers from each of the twelve Districts of Panem are chosen at random to fight to the death.', 'Lionsgate'),
    ('Moonlight', 2016, 111, 'A young African-American man grapples with his identity and sexuality while experiencing the everyday struggles of childhood, adolescence, and burgeoning adulthood.', 'A24'),
    ('Lady Bird', 2017, 94, 'In 2002, an artistically inclined seventeen-year-old girl comes of age in Sacramento, California.', 'A24'),
    ('The Irishman', 2019, 209, 'An old man recalls his time painting houses for his friend, Jimmy Hoffa, through the 1950-70s.', 'Netflix Studios'),
    ('Roma', 2018, 135, 'A year in the life of a middle-class family\'s maid in Mexico City in the early 1970s.', 'Netflix Studios'),
    ('Frozen', 2013, 102, 'When the newly crowned Queen Elsa accidentally uses her power to turn things into ice to curse her home in infinite winter, her sister Anna teams up with a mountain man, his playful reindeer, and a snowman to change the weather condition.', 'Disney'),
    ('The Lion King', 1994, 88, 'Lion prince Simba and his father are targeted by his bitter uncle, who wants to ascend the throne himself.', 'Disney'),
    ('No Time to Die', 2021, 163, 'James Bond has left active service. His peace is short-lived when Felix Leiter, an old friend from the CIA, turns up asking for help, leading Bond onto the trail of a mysterious villain armed with dangerous new technology.', 'MGM'),
    ('Skyfall', 2012, 143, 'James Bond\'s loyalty to M is tested when her past comes back to haunt her. When MI6 comes under attack, 007 must track down and destroy the threat, no matter how personal the cost.', 'MGM'),
    ('Pulp Fiction', 1994, 154, 'The lives of two mob hitmen, a boxer, a gangster and his wife, and a pair of diner bandits intertwine in four tales of violence and redemption.', 'Miramax'),
    ('Good Will Hunting', 1997, 126, 'Will Hunting, a janitor at M.I.T., has a gift for mathematics, but needs help from a psychologist to find direction in his life.', 'Miramax');

-- Genre
INSERT INTO Genre (Type)
VALUES 
    ('Sci-Fi'), ('Action'), ('Adventure'), ('Drama'), ('Animation'),
    ('Romance'), ('Crime'), ('Mystery'), ('Horror'), ('Comedy'),
    ('Fantasy'), ('Thriller'), ('Biography'), ('Western'), ('Musical'),
    ('Superhero'), ('Historical'), ('War'), ('Sport'), ('Family');

-- Movie_Genre
INSERT INTO Movie_Genre (Movie_Title, Movie_Year, Genre_Type)
VALUES
    ('Inception', 2010, 'Sci-Fi'),
    ('Inception', 2010, 'Action'),
    ('The Dark Knight', 2008, 'Action'),
    ('The Dark Knight', 2008, 'Crime'),
    ('Matrix', 1999, 'Sci-Fi'),
    ('Matrix', 1999, 'Action'),
    ('Jurassic Park', 1993, 'Sci-Fi'),
    ('Jurassic Park', 1993, 'Adventure'),
    ('E.T. the Extra-Terrestrial', 1982, 'Sci-Fi'),
    ('E.T. the Extra-Terrestrial', 1982, 'Family'),
    ('Back to the Future', 1985, 'Sci-Fi'),
    ('Back to the Future', 1985, 'Comedy'),
    ('Forrest Gump', 1994, 'Drama'),
    ('Forrest Gump', 1994, 'Romance'),
    ('Titanic', 1997, 'Drama'),
    ('Titanic', 1997, 'Romance'),
    ('The Godfather', 1972, 'Crime'),
    ('The Godfather', 1972, 'Drama'),
    ('Avatar', 2009, 'Sci-Fi'),
    ('Avatar', 2009, 'Action'),
    ('The Revenant', 2015, 'Adventure'),
    ('The Revenant', 2015, 'Drama'),
    ('Spider-Man: Into the Spider-Verse', 2018, 'Animation'),
    ('Spider-Man: Into the Spider-Verse', 2018, 'Action'),
    ('Spider-Man: Into the Spider-Verse', 2018, 'Superhero'),
    ('The Social Network', 2010, 'Drama'),
    ('The Social Network', 2010, 'Biography'),
    ('La La Land', 2016, 'Romance'),
    ('La La Land', 2016, 'Drama'),
    ('La La Land', 2016, 'Musical'),
    ('The Hunger Games', 2012, 'Sci-Fi'),
    ('The Hunger Games', 2012, 'Adventure'),
    ('Moonlight', 2016, 'Drama'),
    ('Lady Bird', 2017, 'Drama'),
    ('Lady Bird', 2017, 'Comedy'),
    ('The Irishman', 2019, 'Crime'),
    ('The Irishman', 2019, 'Drama'),
    ('Roma', 2018, 'Drama'),
    ('Frozen', 2013, 'Animation'),
    ('Frozen', 2013, 'Adventure'),
    ('Frozen', 2013, 'Family'),
    ('The Lion King', 1994, 'Animation'),
    ('The Lion King', 1994, 'Adventure'),
    ('The Lion King', 1994, 'Drama'),
    ('No Time to Die', 2021, 'Action'),
    ('No Time to Die', 2021, 'Thriller'),
    ('Skyfall', 2012, 'Action'),
    ('Skyfall', 2012, 'Thriller'),
    ('Pulp Fiction', 1994, 'Crime'),
    ('Pulp Fiction', 1994, 'Drama'),
    ('Good Will Hunting', 1997, 'Drama');

-- Actor
INSERT INTO Actor (Name, Date_of_Birth)
VALUES
    ('Leonardo DiCaprio', '1974-11-11'),
    ('Christian Bale', '1974-01-30'),
    ('Keanu Reeves', '1964-09-02'),
    ('Sam Neill', '1947-09-14'),
    ('Henry Thomas', '1971-09-09'),
    ('Michael J. Fox', '1961-06-09'),
    ('Tom Hanks', '1956-07-09'),
    ('Kate Winslet', '1975-10-05'),
    ('Marlon Brando', '1924-04-03'),
    ('Zoe Saldana', '1978-06-19'),
    ('Shameik Moore', '1995-05-04'),
    ('Jesse Eisenberg', '1983-10-05'),
    ('Ryan Gosling', '1980-11-12'),
    ('Emma Stone', '1988-11-06'),
    ('Jennifer Lawrence', '1990-08-15'),
    ('Mahershala Ali', '1974-02-16'),
    ('Saoirse Ronan', '1994-04-12'),
    ('Robert De Niro', '1943-08-17'),
    ('Yalitza Aparicio', '1993-12-11'),
    ('Kristen Bell', '1980-07-18'),
    ('Donald Glover', '1983-09-25'),
    ('Daniel Craig', '1968-03-02'),
    ('John Travolta', '1954-02-18'),
    ('Matt Damon', '1970-10-08');

-- Director
INSERT INTO Director (Name, Date_of_Birth)
VALUES
    ('Christopher Nolan', '1970-07-30'),
    ('Lana Wachowski', '1965-06-21'),
    ('Lilly Wachowski', '1967-12-29'),
    ('Steven Spielberg', '1946-12-18'),
    ('Robert Zemeckis', '1952-05-14'),
    ('James Cameron', '1954-08-16'),
    ('Francis Ford Coppola', '1939-04-07'),
    ('Alejandro González Iñárritu', '1963-08-15'),
    ('Peter Ramsey', '1962-12-23'),
    ('Phil Lord', '1975-07-12'),
    ('Christopher Miller', '1975-09-23'),
    ('David Fincher', '1962-08-28'),
    ('Damien Chazelle', '1985-01-19'),
    ('Gary Ross', '1956-11-03'),
    ('Barry Jenkins', '1979-11-19'),
    ('Greta Gerwig', '1983-08-04'),
    ('Martin Scorsese', '1942-11-17'),
    ('Alfonso Cuarón', '1961-11-28'),
    ('Jennifer Lee', '1971-10-22'),
    ('Chris Buck', '1958-02-24'),
    ('Roger Allers', '1949-06-29'),
    ('Rob Minkoff', '1962-08-11'),
    ('Cary Joji Fukunaga', '1977-07-10'),
    ('Sam Mendes', '1965-08-01'),
    ('Quentin Tarantino', '1963-03-27'),
    ('Gus Van Sant', '1952-07-24');

-- Movie_Director
INSERT INTO Movie_Director (Movie_Title, Movie_Year, Director_Name)
VALUES
    ('Inception', 2010, 'Christopher Nolan'),
    ('The Dark Knight', 2008, 'Christopher Nolan'),
    ('Matrix', 1999, 'Lana Wachowski'),
    ('Matrix', 1999, 'Lilly Wachowski'),
    ('Jurassic Park', 1993, 'Steven Spielberg'),
    ('E.T. the Extra-Terrestrial', 1982, 'Steven Spielberg'),
    ('Back to the Future', 1985, 'Robert Zemeckis'),
    ('Forrest Gump', 1994, 'Robert Zemeckis'),
    ('Titanic', 1997, 'James Cameron'),
    ('Avatar', 2009, 'James Cameron'),
    ('The Godfather', 1972, 'Francis Ford Coppola'),
    ('The Revenant', 2015, 'Alejandro González Iñárritu'),
    ('Spider-Man: Into the Spider-Verse', 2018, 'Peter Ramsey'),
    ('Spider-Man: Into the Spider-Verse', 2018, 'Phil Lord'),
    ('Spider-Man: Into the Spider-Verse', 2018, 'Christopher Miller'),
    ('The Social Network', 2010, 'David Fincher'),
    ('La La Land', 2016, 'Damien Chazelle'),
    ('The Hunger Games', 2012, 'Gary Ross'),
    ('Moonlight', 2016, 'Barry Jenkins'),
    ('Lady Bird', 2017, 'Greta Gerwig'),
    ('The Irishman', 2019, 'Martin Scorsese'),
    ('Roma', 2018, 'Alfonso Cuarón'),
    ('Frozen', 2013, 'Jennifer Lee'),
    ('Frozen', 2013, 'Chris Buck'),
    ('The Lion King', 1994, 'Roger Allers'),
    ('The Lion King', 1994, 'Rob Minkoff'),
    ('No Time to Die', 2021, 'Cary Joji Fukunaga'),
    ('Skyfall', 2012, 'Sam Mendes'),
    ('Pulp Fiction', 1994, 'Quentin Tarantino'),
    ('Good Will Hunting', 1997, 'Gus Van Sant');

-- Movie_Actor
INSERT INTO Movie_Actor (Movie_Title, Movie_Year, Actor_Name, Role)
VALUES
    ('Inception', 2010, 'Leonardo DiCaprio', 'Cobb'),
    ('The Dark Knight', 2008, 'Christian Bale', 'Bruce Wayne / Batman'),
    ('Matrix', 1999, 'Keanu Reeves', 'Neo'),
    ('Jurassic Park', 1993, 'Sam Neill', 'Dr. Alan Grant'),
    ('E.T. the Extra-Terrestrial', 1982, 'Henry Thomas', 'Elliott'),
    ('Back to the Future', 1985, 'Michael J. Fox', 'Marty McFly'),
    ('Forrest Gump', 1994, 'Tom Hanks', 'Forrest Gump'),
    ('Titanic', 1997, 'Leonardo DiCaprio', 'Jack Dawson'),
    ('Titanic', 1997, 'Kate Winslet', 'Rose DeWitt Bukater'),
    ('The Godfather', 1972, 'Marlon Brando', 'Don Vito Corleone'),
    ('Avatar', 2009, 'Zoe Saldana', 'Neytiri'),
    ('The Revenant', 2015, 'Leonardo DiCaprio', 'Hugh Glass'),
    ('Spider-Man: Into the Spider-Verse', 2018, 'Shameik Moore', 'Miles Morales'),
    ('The Social Network', 2010, 'Jesse Eisenberg', 'Mark Zuckerberg'),
    ('La La Land', 2016, 'Ryan Gosling', 'Sebastian'),
    ('La La Land', 2016, 'Emma Stone', 'Mia'),
    ('The Hunger Games', 2012, 'Jennifer Lawrence', 'Katniss Everdeen'),
    ('Moonlight', 2016, 'Mahershala Ali', 'Juan'),
    ('Lady Bird', 2017, 'Saoirse Ronan', 'Christine "Lady Bird" McPherson'),
    ('The Irishman', 2019, 'Robert De Niro', 'Frank Sheeran'),
    ('Roma', 2018, 'Yalitza Aparicio', 'Cleo'),
    ('Frozen', 2013, 'Kristen Bell', 'Anna'),
    ('The Lion King', 1994, 'Donald Glover', 'Simba'),
    ('No Time to Die', 2021, 'Daniel Craig', 'James Bond'),
    ('Skyfall', 2012, 'Daniel Craig', 'James Bond'),
    ('Pulp Fiction', 1994, 'John Travolta', 'Vincent Vega'),
    ('Good Will Hunting', 1997, 'Matt Damon', 'Will Hunting');

-- Quotes
INSERT INTO Quotes (Movie_Title, Movie_Year, Quote, Actor_name, Quote_id)
VALUES
    ('Inception', 2010, 'You mustn\'t be afraid to dream a little bigger, darling.', 'Leonardo DiCaprio', 1),
    ('The Dark Knight', 2008, 'Why so serious?', 'Christian Bale', 2),
    ('Matrix', 1999, 'I know kung fu.', 'Keanu Reeves', 3),
    ('Jurassic Park', 1993, 'Life, uh, finds a way.', 'Sam Neill', 4),
    ('E.T. the Extra-Terrestrial', 1982, 'E.T. phone home.', 'Henry Thomas', 5),
    ('Back to the Future', 1985, 'Great Scott!', 'Michael J. Fox', 6),
    ('Forrest Gump', 1994, 'Life is like a box of chocolates. You never know what you\'re gonna get.', 'Tom Hanks', 7),
    ('Titanic', 1997, 'I\'m the king of the world!', 'Leonardo DiCaprio', 8),
    ('The Godfather', 1972, 'I\'m gonna make him an offer he can\'t refuse.', 'Marlon Brando', 9),
    ('Avatar', 2009, 'I see you.', 'Zoe Saldana', 10),
    ('The Revenant', 2015, 'I ain\'t afraid to die anymore. I\'d done it already.', 'Leonardo DiCaprio', 11),
    ('Spider-Man: Into the Spider-Verse', 2018, 'Anyone can wear the mask.', 'Shameik Moore', 12),
    ('The Social Network', 2010, 'If you guys were the inventors of Facebook, you\'d have invented Facebook.', 'Jesse Eisenberg', 13),
    ('La La Land', 2016, 'Here\'s to the ones who dream, foolish as they may seem.', 'Emma Stone', 14),
    ('The Hunger Games', 2012, 'May the odds be ever in your favor.', 'Jennifer Lawrence', 15),
    ('Moonlight', 2016, 'You\'re the only man that\'s ever touched me. You\'re the only one. I haven\'t really touched anyone since.', 'Mahershala Ali', 16),
    ('Lady Bird', 2017, 'I want you to be the very best version of yourself that you can be.', 'Saoirse Ronan', 17),
    ('The Irishman', 2019, 'You don\'t know how fast time goes by until you get there.', 'Robert De Niro', 18),
    ('Roma', 2018, 'We are alone. No matter what they tell you, we women are always alone.', 'Yalitza Aparicio', 19),
    ('Frozen', 2013, 'The cold never bothered me anyway.', 'Kristen Bell', 20),
    ('The Lion King', 1994, 'Hakuna Matata', 'Donald Glover', 21),
    ('No Time to Die', 2021, 'The past isn\'t dead.', 'Daniel Craig', 22),
    ('Skyfall', 2012, 'Why not stay dead? There\'s no shame in saying you\'ve lost a step.', 'Daniel Craig', 23),
    ('Pulp Fiction', 1994, 'Say \'what\' again. Say \'what\' again, I dare you, I double dare you motherf***er, say what one more Goddamn time!', 'John Travolta', 24),
    ('Good Will Hunting', 1997, 'How do you like them apples?', 'Matt Damon', 25);